index,group,feature_name,source_feature,transformation
1,base_numeric,base_numeric__age,age,SimpleImputer(median) + MinMaxScaler
2,base_numeric,base_numeric__pace,pace,SimpleImputer(median) + MinMaxScaler
3,base_numeric,base_numeric__shooting,shooting,SimpleImputer(median) + MinMaxScaler
4,base_numeric,base_numeric__passing,passing,SimpleImputer(median) + MinMaxScaler
5,base_numeric,base_numeric__dribbling,dribbling,SimpleImputer(median) + MinMaxScaler
6,base_numeric,base_numeric__defending,defending,SimpleImputer(median) + MinMaxScaler
7,base_numeric,base_numeric__physical,physical,SimpleImputer(median) + MinMaxScaler
8,base_numeric,base_numeric__vision,vision,SimpleImputer(median) + MinMaxScaler
9,base_numeric,base_numeric__tackling,tackling,SimpleImputer(median) + MinMaxScaler
10,base_numeric,base_numeric__determination,determination,SimpleImputer(median) + MinMaxScaler
11,base_numeric,base_numeric__technique,technique,SimpleImputer(median) + MinMaxScaler
12,historical_numeric,historical_numeric__stats_entry_count,stats_entry_count,"SimpleImputer(constant=0, keep_empty_features=True) + MinMaxScaler"
13,historical_numeric,historical_numeric__avg_final_score_hist,avg_final_score_hist,"SimpleImputer(constant=0, keep_empty_features=True) + MinMaxScaler"
14,historical_numeric,historical_numeric__avg_pass_accuracy_hist,avg_pass_accuracy_hist,"SimpleImputer(constant=0, keep_empty_features=True) + MinMaxScaler"
15,historical_numeric,historical_numeric__latest_final_score_hist,latest_final_score_hist,"SimpleImputer(constant=0, keep_empty_features=True) + MinMaxScaler"
16,historical_numeric,historical_numeric__attr_history_entry_count,attr_history_entry_count,"SimpleImputer(constant=0, keep_empty_features=True) + MinMaxScaler"
17,historical_numeric,historical_numeric__attr_avg_improvement_90d,attr_avg_improvement_90d,"SimpleImputer(constant=0, keep_empty_features=True) + MinMaxScaler"
18,historical_numeric,historical_numeric__attr_avg_improvement_180d,attr_avg_improvement_180d,"SimpleImputer(constant=0, keep_empty_features=True) + MinMaxScaler"
19,historical_numeric,historical_numeric__attr_avg_improvement_365d,attr_avg_improvement_365d,"SimpleImputer(constant=0, keep_empty_features=True) + MinMaxScaler"
20,historical_numeric,historical_numeric__attr_avg_trend_per_day,attr_avg_trend_per_day,"SimpleImputer(constant=0, keep_empty_features=True) + MinMaxScaler"
21,historical_numeric,historical_numeric__attr_weighted_improvement_90d,attr_weighted_improvement_90d,"SimpleImputer(constant=0, keep_empty_features=True) + MinMaxScaler"
22,historical_numeric,historical_numeric__attr_weighted_improvement_180d,attr_weighted_improvement_180d,"SimpleImputer(constant=0, keep_empty_features=True) + MinMaxScaler"
23,historical_numeric,historical_numeric__attr_weighted_improvement_365d,attr_weighted_improvement_365d,"SimpleImputer(constant=0, keep_empty_features=True) + MinMaxScaler"
24,historical_numeric,historical_numeric__attr_weighted_trend_per_day,attr_weighted_trend_per_day,"SimpleImputer(constant=0, keep_empty_features=True) + MinMaxScaler"
25,historical_numeric,historical_numeric__attr_weighted_volatility,attr_weighted_volatility,"SimpleImputer(constant=0, keep_empty_features=True) + MinMaxScaler"
26,historical_numeric,historical_numeric__attr_current_vs_recent_gap,attr_current_vs_recent_gap,"SimpleImputer(constant=0, keep_empty_features=True) + MinMaxScaler"
27,historical_numeric,historical_numeric__match_entry_count,match_entry_count,"SimpleImputer(constant=0, keep_empty_features=True) + MinMaxScaler"
28,historical_numeric,historical_numeric__match_avg_final_score,match_avg_final_score,"SimpleImputer(constant=0, keep_empty_features=True) + MinMaxScaler"
29,historical_numeric,historical_numeric__match_recent_final_score,match_recent_final_score,"SimpleImputer(constant=0, keep_empty_features=True) + MinMaxScaler"
30,historical_numeric,historical_numeric__match_avg_minutes,match_avg_minutes,"SimpleImputer(constant=0, keep_empty_features=True) + MinMaxScaler"
31,historical_numeric,historical_numeric__match_minutes_volatility,match_minutes_volatility,"SimpleImputer(constant=0, keep_empty_features=True) + MinMaxScaler"
32,historical_numeric,historical_numeric__match_start_rate,match_start_rate,"SimpleImputer(constant=0, keep_empty_features=True) + MinMaxScaler"
33,historical_numeric,historical_numeric__match_avg_opponent_level,match_avg_opponent_level,"SimpleImputer(constant=0, keep_empty_features=True) + MinMaxScaler"
34,historical_numeric,historical_numeric__match_high_difficulty_rate,match_high_difficulty_rate,"SimpleImputer(constant=0, keep_empty_features=True) + MinMaxScaler"
35,historical_numeric,historical_numeric__match_high_difficulty_score,match_high_difficulty_score,"SimpleImputer(constant=0, keep_empty_features=True) + MinMaxScaler"
36,historical_numeric,historical_numeric__match_natural_position_rate,match_natural_position_rate,"SimpleImputer(constant=0, keep_empty_features=True) + MinMaxScaler"
37,historical_numeric,historical_numeric__scout_report_count,scout_report_count,"SimpleImputer(constant=0, keep_empty_features=True) + MinMaxScaler"
38,historical_numeric,historical_numeric__scout_avg_decision_making,scout_avg_decision_making,"SimpleImputer(constant=0, keep_empty_features=True) + MinMaxScaler"
39,historical_numeric,historical_numeric__scout_avg_tactical_reading,scout_avg_tactical_reading,"SimpleImputer(constant=0, keep_empty_features=True) + MinMaxScaler"
40,historical_numeric,historical_numeric__scout_avg_mental_profile,scout_avg_mental_profile,"SimpleImputer(constant=0, keep_empty_features=True) + MinMaxScaler"
41,historical_numeric,historical_numeric__scout_avg_adaptability,scout_avg_adaptability,"SimpleImputer(constant=0, keep_empty_features=True) + MinMaxScaler"
42,historical_numeric,historical_numeric__scout_latest_projection_score,scout_latest_projection_score,"SimpleImputer(constant=0, keep_empty_features=True) + MinMaxScaler"
43,historical_numeric,historical_numeric__scout_projection_trend,scout_projection_trend,"SimpleImputer(constant=0, keep_empty_features=True) + MinMaxScaler"
44,historical_numeric,historical_numeric__phys_assessment_count,phys_assessment_count,"SimpleImputer(constant=0, keep_empty_features=True) + MinMaxScaler"
45,historical_numeric,historical_numeric__phys_recent_height_cm,phys_recent_height_cm,"SimpleImputer(constant=0, keep_empty_features=True) + MinMaxScaler"
46,historical_numeric,historical_numeric__phys_recent_weight_kg,phys_recent_weight_kg,"SimpleImputer(constant=0, keep_empty_features=True) + MinMaxScaler"
47,historical_numeric,historical_numeric__phys_recent_speed_score,phys_recent_speed_score,"SimpleImputer(constant=0, keep_empty_features=True) + MinMaxScaler"
48,historical_numeric,historical_numeric__phys_recent_endurance_score,phys_recent_endurance_score,"SimpleImputer(constant=0, keep_empty_features=True) + MinMaxScaler"
49,historical_numeric,historical_numeric__phys_recent_bmi,phys_recent_bmi,"SimpleImputer(constant=0, keep_empty_features=True) + MinMaxScaler"
50,historical_numeric,historical_numeric__phys_height_growth_365d,phys_height_growth_365d,"SimpleImputer(constant=0, keep_empty_features=True) + MinMaxScaler"
51,historical_numeric,historical_numeric__phys_weight_change_180d,phys_weight_change_180d,"SimpleImputer(constant=0, keep_empty_features=True) + MinMaxScaler"
52,historical_numeric,historical_numeric__phys_growth_spurt_rate,phys_growth_spurt_rate,"SimpleImputer(constant=0, keep_empty_features=True) + MinMaxScaler"
53,historical_numeric,historical_numeric__phys_left_footed_rate,phys_left_footed_rate,"SimpleImputer(constant=0, keep_empty_features=True) + MinMaxScaler"
54,historical_numeric,historical_numeric__phys_two_footed_rate,phys_two_footed_rate,"SimpleImputer(constant=0, keep_empty_features=True) + MinMaxScaler"
55,historical_numeric,historical_numeric__avail_record_count,avail_record_count,"SimpleImputer(constant=0, keep_empty_features=True) + MinMaxScaler"
56,historical_numeric,historical_numeric__avail_avg_pct,avail_avg_pct,"SimpleImputer(constant=0, keep_empty_features=True) + MinMaxScaler"
57,historical_numeric,historical_numeric__avail_recent_pct,avail_recent_pct,"SimpleImputer(constant=0, keep_empty_features=True) + MinMaxScaler"
58,historical_numeric,historical_numeric__avail_avg_fatigue,avail_avg_fatigue,"SimpleImputer(constant=0, keep_empty_features=True) + MinMaxScaler"
59,historical_numeric,historical_numeric__avail_recent_fatigue,avail_recent_fatigue,"SimpleImputer(constant=0, keep_empty_features=True) + MinMaxScaler"
60,historical_numeric,historical_numeric__avail_avg_training_load,avail_avg_training_load,"SimpleImputer(constant=0, keep_empty_features=True) + MinMaxScaler"
61,historical_numeric,historical_numeric__avail_injury_rate,avail_injury_rate,"SimpleImputer(constant=0, keep_empty_features=True) + MinMaxScaler"
62,historical_numeric,historical_numeric__avail_missed_days_avg,avail_missed_days_avg,"SimpleImputer(constant=0, keep_empty_features=True) + MinMaxScaler"
63,historical_numeric,historical_numeric__avail_availability_trend,avail_availability_trend,"SimpleImputer(constant=0, keep_empty_features=True) + MinMaxScaler"
64,categorical,categorical__position_Portero,position_Portero,"SimpleImputer(most_frequent) + OneHotEncoder(fixed categories, handle_unknown=ignore)"
65,categorical,categorical__position_Defensa,position_Defensa,"SimpleImputer(most_frequent) + OneHotEncoder(fixed categories, handle_unknown=ignore)"
66,categorical,categorical__position_Lateral,position_Lateral,"SimpleImputer(most_frequent) + OneHotEncoder(fixed categories, handle_unknown=ignore)"
67,categorical,categorical__position_Mediocampista,position_Mediocampista,"SimpleImputer(most_frequent) + OneHotEncoder(fixed categories, handle_unknown=ignore)"
68,categorical,categorical__position_Delantero,position_Delantero,"SimpleImputer(most_frequent) + OneHotEncoder(fixed categories, handle_unknown=ignore)"
