epoch,loss,val_pr_auc,val_f1,threshold,calibration_method,learning_rate
1,0.6680894000963731,0.4615658549570044,0.519916142557652,0.25,isotonic,0.0005
2,0.6647081380540675,0.4627359606385074,0.521551724137931,0.275,isotonic,0.0005
3,0.6635923250155016,0.4626719735099266,0.5211864406779662,0.25,isotonic,0.0005
4,0.6536709633740512,0.4639420240262261,0.5173913043478261,0.275,isotonic,0.0005
5,0.6431135204705325,0.4653660309073965,0.5128205128205128,0.25,isotonic,0.0005
6,0.6225031240419908,0.4631980695577212,0.5099601593625498,0.25,isotonic,0.0005
7,0.6009269345890392,0.4499987805854607,0.5058823529411764,0.225,isotonic,0.0005
8,0.5880105078220368,0.45671248565840383,0.5108910891089109,0.225,isotonic,0.0005
9,0.576851236820221,0.45255465954627483,0.501628664495114,0.17500000000000002,isotonic,0.00025
10,0.5531754287806424,0.444611874583635,0.49517684887459806,0.2,isotonic,0.00025
11,0.5491682047193701,0.44935786210624207,0.48863636363636365,0.25,isotonic,0.00025
12,0.538945445689288,0.44046580908261956,0.4918032786885246,0.225,isotonic,0.00025
13,0.5277850622480565,0.4414243766856336,0.4826325411334552,0.25,isotonic,0.000125
14,0.5184998458082025,0.4438313962841982,0.48727272727272725,0.225,isotonic,0.000125
15,0.5179418206214905,0.43620486166708833,0.4876190476190476,0.25,isotonic,0.000125
